{
  "experiment_date": "2026-02-06",
  "datasets": {
    "slurm": {
      "n_jobs": 555,
      "n_submit_feats": 9,
      "n_all_feats": 23,
      "positive_rate": 0.0990990990990991
    },
    "eks": {
      "n_jobs": 1195910
    }
  },
  "model_results": {
    "slurm_submit_only_lr": {
      "dataset": "slurm",
      "features": "submit_only",
      "n_features": 9,
      "model": "lr",
      "n_jobs": 555,
      "auroc": 0.4979636363636364,
      "auprc": 0.11171879191468237,
      "ece": 0.06599410250865317,
      "mce": 0.14462085479855072,
      "brier_score": 0.09037208936771024,
      "brier_reliability": 0.005833496721009491,
      "brier_resolution": 0.0047398750101452815,
      "brier_uncertainty": 0.08927846765684604,
      "tail_calibration": [],
      "slo_ece_met": false,
      "slo_mce_met": false,
      "slo_tail_met": true,
      "slo_all_met": false,
      "tier_qualified": 2,
      "tier_name": "warn",
      "false_action_rates": {
        "1": 0.0,
        "2": 0.0,
        "3": 0.0,
        "4": 0.0
      },
      "tiers": {
        "1": true,
        "2": true,
        "3": false,
        "4": false
      }
    },
    "slurm_submit_only_rf": {
      "dataset": "slurm",
      "features": "submit_only",
      "n_features": 9,
      "model": "rf",
      "n_jobs": 555,
      "auroc": 0.9827272727272726,
      "auprc": 0.9813284881227466,
      "ece": 0.03095597194657638,
      "mce": 0.17713899100850028,
      "brier_score": 0.021347902016133402,
      "brier_reliability": 0.0030130266001769136,
      "brier_resolution": 0.07094359224088954,
      "brier_uncertainty": 0.08927846765684604,
      "tail_calibration": [
        {
          "threshold": 0.5,
          "count": 52,
          "actual_rate": 0.9807692307692307,
          "predicted_rate": 0.7828974133728562,
          "gap": 0.1978718173963745
        },
        {
          "threshold": 0.6,
          "count": 51,
          "actual_rate": 1.0,
          "predicted_rate": 0.7867777548115397,
          "gap": 0.21322224518846034
        },
        {
          "threshold": 0.7,
          "count": 41,
          "actual_rate": 1.0,
          "predicted_rate": 0.8136132234916175,
          "gap": 0.18638677650838253
        },
        {
          "threshold": 0.8,
          "count": 24,
          "actual_rate": 1.0,
          "predicted_rate": 0.8474255848749026,
          "gap": 0.1525744151250974
        }
      ],
      "slo_ece_met": true,
      "slo_mce_met": false,
      "slo_tail_met": false,
      "slo_all_met": false,
      "tier_qualified": 3,
      "tier_name": "suggest",
      "false_action_rates": {
        "1": 0.1,
        "2": 0.019230769230769232,
        "3": 0.0,
        "4": 0.0
      },
      "tiers": {
        "1": true,
        "2": true,
        "3": true,
        "4": false
      }
    },
    "slurm_submit_only_gb": {
      "dataset": "slurm",
      "features": "submit_only",
      "n_features": 9,
      "model": "gb",
      "n_jobs": 555,
      "auroc": 0.998109090909091,
      "auprc": 0.9881876085697741,
      "ece": 0.0036040689314661874,
      "mce": 0.0434894888247902,
      "brier_score": 0.0051704282285563175,
      "brier_reliability": 9.621928004689162e-05,
      "brier_resolution": 0.08420425870833662,
      "brier_uncertainty": 0.08927846765684604,
      "tail_calibration": [
        {
          "threshold": 0.5,
          "count": 55,
          "actual_rate": 0.9818181818181818,
          "predicted_rate": 0.9999999815331353,
          "gap": 0.018181799714953484
        },
        {
          "threshold": 0.6,
          "count": 55,
          "actual_rate": 0.9818181818181818,
          "predicted_rate": 0.9999999815331353,
          "gap": 0.018181799714953484
        },
        {
          "threshold": 0.7,
          "count": 55,
          "actual_rate": 0.9818181818181818,
          "predicted_rate": 0.9999999815331353,
          "gap": 0.018181799714953484
        },
        {
          "threshold": 0.8,
          "count": 55,
          "actual_rate": 0.9818181818181818,
          "predicted_rate": 0.9999999815331353,
          "gap": 0.018181799714953484
        },
        {
          "threshold": 0.9,
          "count": 55,
          "actual_rate": 0.9818181818181818,
          "predicted_rate": 0.9999999815331353,
          "gap": 0.018181799714953484
        }
      ],
      "slo_ece_met": true,
      "slo_mce_met": true,
      "slo_tail_met": true,
      "slo_all_met": true,
      "tier_qualified": 4,
      "tier_name": "gate",
      "false_action_rates": {
        "1": 0.01818181818181818,
        "2": 0.01818181818181818,
        "3": 0.01818181818181818,
        "4": 0.01818181818181818
      },
      "tiers": {
        "1": true,
        "2": true,
        "3": true,
        "4": true
      }
    },
    "slurm_all_features_lr": {
      "dataset": "slurm",
      "features": "all_features",
      "n_features": 23,
      "model": "lr",
      "n_jobs": 555,
      "auroc": 0.8152727272727273,
      "auprc": 0.30639612133496297,
      "ece": 0.026613059009086445,
      "mce": 0.06526733410992881,
      "brier_score": 0.07719703213238138,
      "brier_reliability": 0.0010343829967592723,
      "brier_resolution": 0.013115818521223928,
      "brier_uncertainty": 0.08927846765684604,
      "tail_calibration": [
        {
          "threshold": 0.5,
          "count": 11,
          "actual_rate": 0.36363636363636365,
          "predicted_rate": 0.664287915821041,
          "gap": 0.3006515521846773
        },
        {
          "threshold": 0.6,
          "count": 7,
          "actual_rate": 0.5714285714285714,
          "predicted_rate": 0.7396913153179685,
          "gap": 0.1682627438893971
        }
      ],
      "slo_ece_met": true,
      "slo_mce_met": true,
      "slo_tail_met": false,
      "slo_all_met": false,
      "tier_qualified": 4,
      "tier_name": "gate",
      "false_action_rates": {
        "1": 0.5882352941176471,
        "2": 0.6363636363636364,
        "3": 0.5,
        "4": 0.0
      },
      "tiers": {
        "1": true,
        "2": true,
        "3": true,
        "4": true
      }
    },
    "slurm_all_features_rf": {
      "dataset": "slurm",
      "features": "all_features",
      "n_features": 23,
      "model": "rf",
      "n_jobs": 555,
      "auroc": 0.9910909090909091,
      "auprc": 0.9679001713451474,
      "ece": 0.06805045752350525,
      "mce": 0.42078140168599876,
      "brier_score": 0.03543976359750835,
      "brier_reliability": 0.015571246431693888,
      "brier_resolution": 0.06940995049103157,
      "brier_uncertainty": 0.08927846765684604,
      "tail_calibration": [
        {
          "threshold": 0.5,
          "count": 29,
          "actual_rate": 1.0,
          "predicted_rate": 0.6093851208451184,
          "gap": 0.3906148791548816
        },
        {
          "threshold": 0.6,
          "count": 14,
          "actual_rate": 1.0,
          "predicted_rate": 0.6731487316708108,
          "gap": 0.3268512683291892
        },
        {
          "threshold": 0.7,
          "count": 5,
          "actual_rate": 1.0,
          "predicted_rate": 0.7502794190140242,
          "gap": 0.24972058098597583
        }
      ],
      "slo_ece_met": false,
      "slo_mce_met": false,
      "slo_tail_met": false,
      "slo_all_met": false,
      "tier_qualified": 2,
      "tier_name": "warn",
      "false_action_rates": {
        "1": 0.07407407407407407,
        "2": 0.0,
        "3": 0.0,
        "4": 0.0
      },
      "tiers": {
        "1": true,
        "2": true,
        "3": false,
        "4": false
      }
    },
    "slurm_all_features_gb": {
      "dataset": "slurm",
      "features": "all_features",
      "n_features": 23,
      "model": "gb",
      "n_jobs": 555,
      "auroc": 0.9948363636363636,
      "auprc": 0.9866258741258741,
      "ece": 0.0018019445347798313,
      "mce": 0.0303030261474961,
      "brier_score": 0.021457821443086708,